Workbook

Sheet Giacenza armadio
A1: DISPOSITIVO | B1: QNT | C1: SCADENZA
A2: Flaconi di soluzione fisiologica (sodio cloruro - 0,9%) da 500 ml | B2: 3 | C2: 45839
A3: Disinfettante Antiasettico cutaneo (NO IODIO) | B3: 1 | C3: 46113
A4: Flacone di soluzione cutanea di idodiopoviodone al 10% di iodio da 1 litro | B4: 1.5 | C4: 46143
A5: Pinzette da medicazione sterili monouso | B5: 1 | C5: 46174
A6: Disinfettante Antiasettico cutaneo (NO IODIO) | B6: 1 | C6: 46266
A7: Cream punture insetti | B7: 1 | C7: 46296
A8: Pinzette da medicazione sterili monouso | B8: 5 | C8: 46296
A9: Compresse di garza sterile 18x40 in buste singole | B9: 1 | C9: 46296
A10: Guanti sterili monouso | B10: 3 | C10: 46357
A11: Teli sterili monouso | B11: 12 | C11: 46388
A12: Flaconi di soluzione fisiologica (sodio cloruro - 0,9%) da 250 ml | B12: 2 | C12: 46419
A13: Flaconi di soluzione fisiologica (sodio cloruro - 0,9%) da 500 ml | B13: 6 | C13: 46508
... A38: Confezione di cerotti vari | B38: 8 | C38: 47543
A39: Visere paraschizzi | B39: 0
A40: Paio di forbici | B40: 2
A41: Sacchetti monouso per la raccolta dei rifiuti | B41: 4
A42: Termometro a pelle | B42: 2
A43: Apparecchio per la misurazione della pressione | B43: 1
A44: Termometro a distanza | B44: 1
A45: Pinzette in acciaio | B45: 1
A46: Apparecchio per la misurazione della pressione | B46: 2

Sheet Situazione Gen
A1: DISPOSITIVO | B1: QNT | C1: note | E1: QNT PER CASSETTA | G1: Rimanenze progressive
G2: Cassetta 1 | H2: Cassetta 2 | I2: Cassetta 3 | J2: Cassetta 4
A3: Visere paraschizzi | B3: 0 | E3: 1 | G3: =B3-E3 -> -1 | H3: =G3-E3 -> -2 | I3: =H3-E3 -> -3 | J3: =I3-E3 -> -4
A4: Confezione di cerotti vari | B4: 0 | E4: 1 | G4: =B4-E4 -> -1 | H4: =G4-E4 -> -2 | I4: =H4-E4 -> -3 | J4: =I4-E4 -> -4
A5: Apparecchio per la misurazione della pressione | B5: 2 | E5: 1 | G5: =B5-E5 -> 1 | H5: =G5-E5 -> 0 | I5: =H5-E5 -> -1 | J5: =I5-E5 -> -2
A6: Paio di forbici | B6: 2 | E6: 1 | G6: =B6-E6 -> 1 | H6: =G6-E6 -> 0 | I6: =H6-E6 -> -1 | J6: =I6-E6 -> -2
A7: Confezione di rete elastica di misura media | B7: 2 | E7: 2 | G7: =B7-E7 -> 0 | H7: =G7-E7 -> -2 | I7: =H7-E7 -> -4 | J7: =I7-E7 -> -6
A8: Guanti sterili monouso | B8: 2 | E8: 5 | G8: =B8-E8 -> -3 | H8: =G8-E8 -> -8 | I8: =H8-E8 -> -13 | J8: =I8-E8 -> -18
A9: Flacone di soluzione cutanea di idodiopoviodone al 10% di iodio da 1 litro (Bottiglia da 500ml) | B9: 3 | E9: 1 | G9: =B9-E9 -> 2 | H9: =G9-E9 -> 1 | I9: =H9-E9 -> 0 | J9: =I9-E9 -> -1
A10: Termometro | B10: 3 | C10: 1 a distanza | E10: 1 | G10: =B10-E10 -> 2 | H10: =G10-E10 -> 1 | I10: =H10-E10 -> 0 | J10: =I10-E10 -> -1
A11: Compresse di garza sterile 18x40 in buste singole | B11: 3 | E11: 2 | G11: =B11-E11 -> 1 | H11: =G11-E11 -> -1 | I11: =H11-E11 -> -3 | J11: =I11-E11 -> -5
A12: Confezione di cotone idrofilo | B12: 4 | E12: 1 | G12: =B12-E12 -> 3 | H12: =G12-E12 -> 2 | I12: =H12-E12 -> 1 | J12: =I12-E12 -> 0
A13: Rotoli di cerotto alto cm. 2,5 | B13: 4 | E13: 2 | G13: =B13-E13 -> 2 | H13: =G13-E13 -> 0 | I13: =H13-E13 -> -2 | J13: =I13-E13 -> -4
A14: Sacchetti monouso per la raccolta dei rifiuti | B14: 4 | E14: 2 | G14: =B14-E14 -> 2 | H14: =G14-E14 -> 0 | I14: =H14-E14 -> -2 | J14: =I14-E14 -> -4
A15: Lacci emostatici | B15: 6 | E15: 3 | G15: =B15-E15 -> 3 | H15: =G15-E15 -> 0 | I15: =H15-E15 -> -3 | J15: =I15-E15 -> -6
A16: Pinzette da medicazione sterili monouso | B16: 8 | E16: 2 | G16: =B16-E16 -> 6 | H16: =G16-E16 -> 4 | I16: =H16-E16 -> 2 | J16: =I16-E16 -> 0
A17: Flaconi di soluzione fisiologica (sodio cloruro - 0,9%) da 500 ml | B17: 10 | C17: 2 bottiglie da 250ml | E17: 3 | G17: =B17-E17 -> 7 | H17: =G17-E17 -> 4 | I17: =H17-E17 -> 1 | J17: =I17-E17 -> -2
A18: Ghiaccio | B18: 11 | E18: 2 | G18: =B18-E18 -> 9 | H18: =G18-E18 -> 7 | I18: =H18-E18 -> 5 | J18: =I18-E18 -> 3
A19: Compresse di garza sterile 10x10 in buste singole | B19: 11 | E19: 10 | G19: =B19-E19 -> 1 | H19: =G19-E19 -> -9 | I19: =H19-E19 -> -19 | J19: =I19-E19 -> -29
A20: Teli sterili monouso | B20: 16 | E20: 2 | G20: =B20-E20 -> 14 | H20: =G20-E20 -> 12 | I20: =H20-E20 -> 10 | J20: =G20-E20 -> 12

Sheet Da ordinare
A1: Dispositivo | B1: QNT
A2: Visere paraschizzi | B2: =ABS(VLOOKUP(A2,'Situazione Gen'!A1:J20,10,FALSE)) -> 4
A3: Confezione di cerotti vari | B3: =ABS(VLOOKUP(A3,'Situazione Gen'!A2:J21,10,FALSE)) -> 4
A4: Confezione di rete elastica di misura media | B4: =ABS(VLOOKUP(A4,'Situazione Gen'!A5:J24,10,FALSE)) -> 6
A5: Guanti sterili monouso | B5: =ABS(VLOOKUP(A5,'Situazione Gen'!A6:J25,10,FALSE)) -> 18
A6: Compresse di garza sterile 10x10 in buste singole | B6: =ABS(VLOOKUP(A6,'Situazione Gen'!A7:J26,10,FALSE)) -> 29

Sheet Materiale cassettine
A1: Dispositivo | B1: Quantità richiesta | C1: Quantità effettiva | D1: Scadenza | E1: Ubicazione
A2: N°5 paia di guati sterili monouso | B2: 5 | C2: 5 | D2: 47178 | E2: Cassetta 3 - Preparazione
A3: N°1 visiera paraschizzi | B3: 1 | C3: 1 | D3: 45778 | E3: Cassetta 3 - Preparazione
A4: N°2 teli sterili monouso | B4: 2 | C4: 2 | D4: 46296 | E4: Cassetta 4 - Assemblaggio/Finitura
A5: N°3 flaconi di soluzione fisiologica (sodio cloruro - 0,9%) da 500 ml | B5: 3 | C5: 3 | D5: 46204 | E5: Cassetta 2 - Porte/Portali
A6: N°2 pinzette da medicazione sterili | B6: 2 | C6: 2 | D6: 45839 | E6: Cassetta 2 - Porte/Portali
A7: N°2 pinzette da medicazione sterili | B7: 2 | C7: 2 | D7: 45839 | E7: Cassetta 3 - Preparazione
A8: N°2 compresse di garza sterile 18x40 in buste singole | B8: 2 | C8: 2 | D8: 45870 | E8: Cassetta 1 - Centralino
A9: N°1 confezione di rete elastica di misura media | B9: 1 | C9: 1 | D9: 45901 | E9: Cassetta 1 - Centralino
A10: N°1 confezione di rete elastica di misura media | B10: 1 | C10: 1 | D10: 45901 | E10: Cassetta 2 - Porte/Portali
A11: N°1 confezione di rete elastica di misura media | B11: 1 | C11: 1 | D11: 45901 | E11: Cassetta 3 - Preparazione
A12: N°2 teli sterili monouso | B12: 2 | C12: 2 | D12: 45931 | E12: Cassetta 1 - Centralino
A13: N°2 teli sterili monouso | B13: 2 | C13: 2 | D13: 45931 | E13: Cassetta 3 - Preparazione
... A53: N°2 confezioni ghiaccio pronto all'uso | B53: 2 | C53: 2 | D53: 47453 | E53: Cassetta 4 - Assemblaggio/Finitura
A54: N°1 paio di forbici | B54: 1 | C54: 1 | D54: nessuna | E54: Cassetta 1 - Centralino
A55: N°2 sacchetti monouso per la raccolta di rifiuti sanitari | B55: 2 | C55: 2 | D55: nessuna | E55: Cassetta 1 - Centralino
A56: N°1 termometro | B56: 1 | C56: 1 | D56: nessuna | E56: Cassetta 1 - Centralino
A57: N°1 apparecchio per la misurazione della pressione arteriosa | B57: 1 | C57: 1 | D57: nessuna | E57: Cassetta 1 - Centralino
A58: N°1 paio di forbici | B58: 1 | C58: 1 | D58: nessuna | E58: Cassetta 2 - Porte/Portali
A59: N°2 sacchetti monouso per la raccolta di rifiuti sanitari | B59: 2 | C59: 2 | D59: nessuna | E59: Cassetta 2 - Porte/Portali
A60: N°1 termometro | B60: 1 | C60: 1 | D60: nessuna | E60: Cassetta 2 - Porte/Portali
A61: N°1 apparecchio per la misurazione della pressione arteriosa | B61: 1 | C61: 1 | D61: nessuna | E61: Cassetta 2 - Porte/Portali
A62: N°1 paio di forbici | B62: 1 | C62: 1 | D62: nessuna | E62: Cassetta 3 - Preparazione
A63: N°2 sacchetti monouso per la raccolta di rifiuti sanitari | B63: 2 | C63: 2 | D63: nessuna | E63: Cassetta 3 - Preparazione
A64: N°1 termometro | B64: 1 | C64: 1 | D64: nessuna | E64: Cassetta 3 - Preparazione
A65: N°1 apparecchio per la misurazione della pressione arteriosa | B65: 1 | C65: 1 | D65: nessuna | E65: Cassetta 3 - Preparazione
... A69: N°1 apparecchio per la misurazione della pressione arteriosa | B69: 1 | C69: 1 | D69: nessuna | E69: Cassetta 4 - Assemblaggio/Finitura
A70: N°5 paia di guati sterili monouso | B70: 5 | C70: 5 | D70: 47178 | E70: Cassetta 1 - Centralino
A71: N°1 visiera paraschizzi | B71: 1 | C71: 1 | D71: 47119 | E71: Cassetta 1 - Centralino
A72: N°1 visiera paraschizzi | B72: 1 | C72: 1 | D72: 47119 | E72: Cassetta 2 - Porte/Portali
A73: N°2 teli sterili monouso | B73: 2 | C73: 2 | D73: 46539 | E73: Cassetta 2 - Porte/Portali
A74: N°1 Confezione di rete elastica di misura media | B74: 1 | C74: 1 | D74: 45901 | E74: Cassetta 1 - Centralino

Sheet Foglio1
A1: Materiale | B1: Qnt minima | C1: UMV | D1: Codice | E1: pagina
A2: Paia di guati sterili monouso | B2: 5 | C2: pz | D2: 90726 | E2: 9
A3: Visiera paraschizzi | B3: 1
A4: Pinzette da medicazione sterili | B4: 2 | C4: pz | D4: 73571 | E4: 8
A5: Confezione di rete elastica di misura media | B5: 1 | C5: cf | D5: 73566 | E5: 8
A6: Teli sterili monouso | B6: 2 | C6: pz | D6: 73570 | E6: 9
A7: Compresse di garza sterile 10x10 in buste singole | B7: 10
A8: Confezione cotone idrofilo | B8: 1 | C8: pz | D8: 53108 | E8: 6
A9: Rotoli di cerotto alto cm. 2,5 | B9: 2 | C9: pz | D9: 73563 | E9: 8
A10: Lacci emostatici | B10: 3 | C10: pz | D10: 67198 | E10: 8
A11: Flacone di soluzione cutanea di iodiopovidone al 10% di iodio da 1 litro | B11: 1 | C11: pz | D11: 96528 | E11: 6
A12: N°2 compresse di garza sterile 18x40 in buste singole | B12: 2 | C12: cf | D12: 73565 | E12: 8
A13: Flaconi di soluzione fisiologica (sodio cloruro - 0,9%) da 500 ml | B13: 3 | C13: pz | D13: 67197 | E13: 6
A14: Confezione di cerotti di varie misure pronti all'uso | B14: 2 | C14: cf | D14: 100700 | E14: 7
A15: Confezioni ghiaccio pronto all'uso | B15: 2 | C15: pz | D15: 73560 | E15: 6
A16: Paio di forbici | B16: 1 | C16: pz | D16: 73571 | E16: 8
A17: Sacchetti monouso per la raccolta di rifiuti sanitari | B17: 2 | C17: cf 100 | D17: 74023 | E17: 9
A18: Termometro | B18: 1 | C18: pz | D18: 92329 | E18: 5
A19: Apparecchio per la misurazione della pressione arteriosa | B19: 1 | C19: pz | D19: 94048 | E19: 5
